"seqnames","start","end","width","strand","chrom","ID","pos_chr_start_end","counts_seqs"
"1","NC_035159.1",1,3230,3230,"*","chr1","WGS_249_E20_F02","NC_035159.1:1-3230",1
"2","NC_035159.1",1,35,35,"*","chr2","WGS_024_E20_F02","NC_035159.1:1-35",1
"3","NC_035159.1",1,40,40,"*","chr2","WGS_021_E20_F02","NC_035159.1:1-40",1
"4","NC_035159.1",1,47,47,"*","chr2","WGS_042_E20_F02","NC_035159.1:1-47",1
"5","NC_035159.1",1,55,55,"*","chr2","WGS_132_E20_F10","NC_035159.1:1-55",2
"6","NC_035159.1",1,55,55,"*","chr2","WGS_134_E20_F02","NC_035159.1:1-55",2
"7","NC_035159.1",10,131,122,"*","chr3","WGS_115_E20_F03","NC_035159.1:10-131",1
"8","NC_035159.1",10054,12188,2135,"*","chr1","WGS_289_E20_F02","NC_035159.1:10054-12188",1
"9","NC_035159.1",10079,10409,331,"*","chr1","WGS_211_E20_F02","NC_035159.1:10079-10409",1
"10","NC_035159.1",10086,10431,346,"*","chr2","WGS_252_E20_F02","NC_035159.1:10086-10431",1
"11","NC_035159.1",10098,10376,279,"*","chr2","WGS_134_E20_F02","NC_035159.1:10098-10376",1
"12","NC_035159.1",10141,10227,87,"*","chr2","WGS_038_E20_F07","NC_035159.1:10141-10227",1
"13","NC_035159.1",10141,10238,98,"*","chr2","WGS_253_E20_F01","NC_035159.1:10141-10238",1
"14","NC_035159.1",10141,10283,143,"*","chr2","WGS_042_E20_F02","NC_035159.1:10141-10283",2
"15","NC_035159.1",10141,10283,143,"*","chr2","WGS_050_E20_F03","NC_035159.1:10141-10283",2
"16","NC_035159.1",10145,10367,223,"*","chr2","WGS_240_E20_F05","NC_035159.1:10145-10367",1
"17","NC_035159.1",10153,10231,79,"*","chr2","WGS_095_E20_F11","NC_035159.1:10153-10231",1
"18","NC_035159.1",10154,10294,141,"*","chr2","WGS_043_E20_F02","NC_035159.1:10154-10294",1
"19","NC_035159.1",10170,11055,886,"*","chr1","WGS_299_E20_F09","NC_035159.1:10170-11055",1
"20","NC_035159.1",10197,11104,908,"*","chr1","WGS_249_E20_F02","NC_035159.1:10197-11104",1
"21","NC_035159.1",10217,10266,50,"*","chr2","WGS_299_E20_F09","NC_035159.1:10217-10266",1
"22","NC_035159.1",10218,10265,48,"*","chr2","WGS_230_E20_F06","NC_035159.1:10218-10265",1
"23","NC_035159.1",10228,10249,22,"*","chr1","WGS_050_E20_F02","NC_035159.1:10228-10249",1
"24","NC_035159.1",10229,10256,28,"*","chr1","WGS_050_E20_F03","NC_035159.1:10229-10256",1
"25","NC_035159.1",10229,10266,38,"*","chr1","WGS_249_E20_F02","NC_035159.1:10229-10266",1
"26","NC_035159.1",10230,10283,54,"*","chr2","WGS_132_E20_F10","NC_035159.1:10230-10283",1
"27","NC_035159.1",10231,10489,259,"*","chr1","WGS_252_E20_F02","NC_035159.1:10231-10489",1
"28","NC_035159.1",10233,10265,33,"*","chr2","WGS_050_E20_F02","NC_035159.1:10233-10265",1
"29","NC_035159.1",10239,10797,559,"*","chr1","WGS_060_E20_F06","NC_035159.1:10239-10797",1
"30","NC_035159.1",10260,10501,242,"*","chr1","WGS_047_E20_F02","NC_035159.1:10260-10501",1
"31","NC_035159.1",10388,10623,236,"*","chr2","WGS_246_E20_F07","NC_035159.1:10388-10623",1
"32","NC_035159.1",10475,11219,745,"*","chr1","WGS_060_E20_F06","NC_035159.1:10475-11219",1
"33","NC_035159.1",10516,10819,304,"*","chr3","WGS_249_E20_F02","NC_035159.1:10516-10819",1
"34","NC_035159.1",10549,10755,207,"*","chr2","WGS_299_E20_F09","NC_035159.1:10549-10755",1
"35","NC_035159.1",10590,10692,103,"*","chr1","WGS_060_E20_F06","NC_035159.1:10590-10692",1
"36","NC_035159.1",10590,11087,498,"*","chr1","WGS_211_E20_F02","NC_035159.1:10590-11087",1
"37","NC_035159.1",10617,10681,65,"*","chr1","WGS_025_E20_F02","NC_035159.1:10617-10681",1
"38","NC_035159.1",10634,10689,56,"*","chr1","WGS_246_E20_F07","NC_035159.1:10634-10689",1
"39","NC_035159.1",10646,10692,47,"*","chr1","WGS_084_E20_F02","NC_035159.1:10646-10692",1
"40","NC_035159.1",10691,11817,1127,"*","chr1","WGS_017_E20_F03","NC_035159.1:10691-11817",1
"41","NC_035159.1",10991,11023,33,"*","chr2","WGS_025_E20_F02","NC_035159.1:10991-11023",1
"42","NC_035159.1",10991,11325,335,"*","chr1","WGS_246_E20_F07","NC_035159.1:10991-11325",1
"43","NC_035159.1",11,49,39,"*","chr2","WGS_246_E20_F07","NC_035159.1:11-49",1
"44","NC_035159.1",11000,11042,43,"*","chr2","WGS_043_E20_F02","NC_035159.1:11000-11042",1
"45","NC_035159.1",11030,11078,49,"*","chr2","WGS_249_E20_F02","NC_035159.1:11030-11078",1
"46","NC_035159.1",11030,11102,73,"*","chr2","WGS_266_E20_F04","NC_035159.1:11030-11102",1
"47","NC_035159.1",11030,11108,79,"*","chr2","WGS_252_E20_F02","NC_035159.1:11030-11108",1
"48","NC_035159.1",11030,11140,111,"*","chr2","WGS_063_E20_F02","NC_035159.1:11030-11140",1
"49","NC_035159.1",11030,11141,112,"*","chr2","WGS_024_E20_F02","NC_035159.1:11030-11141",1
"50","NC_035159.1",11037,11117,81,"*","chr2","WGS_025_E20_F02","NC_035159.1:11037-11117",1
"51","NC_035159.1",11039,11075,37,"*","chr1","WGS_299_E20_F09","NC_035159.1:11039-11075",1
"52","NC_035159.1",11047,11573,527,"*","chr1","WGS_240_E20_F05","NC_035159.1:11047-11573",1
"53","NC_035159.1",11052,11581,530,"*","chr1","WGS_084_E20_F02","NC_035159.1:11052-11581",1
"54","NC_035159.1",11058,11103,46,"*","chr2","WGS_262_E20_F07","NC_035159.1:11058-11103",1
"55","NC_035159.1",11060,11141,82,"*","chr2","WGS_240_E20_F05","NC_035159.1:11060-11141",1
"56","NC_035159.1",11072,11105,34,"*","chr2","WGS_038_E20_F07","NC_035159.1:11072-11105",1
"57","NC_035159.1",11074,11135,62,"*","chr2","WGS_230_E20_F06","NC_035159.1:11074-11135",1
"58","NC_035159.1",11078,11107,30,"*","chr2","WGS_095_E20_F11","NC_035159.1:11078-11107",1
"59","NC_035159.1",11079,11121,43,"*","chr1","WGS_266_E20_F04","NC_035159.1:11079-11121",1
"60","NC_035159.1",11089,11125,37,"*","chr1","WGS_252_E20_F02","NC_035159.1:11089-11125",1
"61","NC_035159.1",11102,11580,479,"*","chr1","WGS_249_E20_F02","NC_035159.1:11102-11580",1
"62","NC_035159.1",11103,11570,468,"*","chr2","WGS_211_E20_F02","NC_035159.1:11103-11570",1
"63","NC_035159.1",11104,11126,23,"*","chr1","WGS_025_E20_F02","NC_035159.1:11104-11126",1
"64","NC_035159.1",11104,11128,25,"*","chr1","WGS_253_E20_F01","NC_035159.1:11104-11128",1
"65","NC_035159.1",11104,11131,28,"*","chr1","WGS_246_E20_F07","NC_035159.1:11104-11131",1
"66","NC_035159.1",11104,11133,30,"*","chr1","WGS_230_E20_F06","NC_035159.1:11104-11133",1
"67","NC_035159.1",11104,11140,37,"*","chr1","WGS_134_E20_F02","NC_035159.1:11104-11140",1
"68","NC_035159.1",11104,11141,38,"*","chr1","WGS_024_E20_F02","NC_035159.1:11104-11141",3
"69","NC_035159.1",11104,11141,38,"*","chr1","WGS_047_E20_F02","NC_035159.1:11104-11141",3
"70","NC_035159.1",11104,11141,38,"*","chr1","WGS_088_E20_F06","NC_035159.1:11104-11141",3
"71","NC_035159.1",11104,11156,53,"*","chr1","WGS_211_E20_F02","NC_035159.1:11104-11156",1
"72","NC_035159.1",11104,11161,58,"*","chr1","WGS_050_E20_F03","NC_035159.1:11104-11161",1
"73","NC_035159.1",11104,11351,248,"*","chr1","WGS_021_E20_F02","NC_035159.1:11104-11351",1
"74","NC_035159.1",11105,11136,32,"*","chr2","WGS_115_E20_F03","NC_035159.1:11105-11136",1
"75","NC_035159.1",11105,11158,54,"*","chr1","WGS_088_E20_F06","NC_035159.1:11105-11158",1
"76","NC_035159.1",11110,11729,620,"*","chr1","WGS_088_E20_F06","NC_035159.1:11110-11729",1
"77","NC_035159.1",11112,11564,453,"*","chr1","WGS_262_E20_F07","NC_035159.1:11112-11564",1
"78","NC_035159.1",11133,12521,1389,"*","chr1","WGS_050_E20_F03","NC_035159.1:11133-12521",1
"79","NC_035159.1",11144,11564,421,"*","chr1","WGS_134_E20_F02","NC_035159.1:11144-11564",1
"80","NC_035159.1",11153,11727,575,"*","chr1","WGS_042_E20_F02","NC_035159.1:11153-11727",1
"81","NC_035159.1",11197,11325,129,"*","chr3","WGS_211_E20_F02","NC_035159.1:11197-11325",1
"82","NC_035159.1",11198,11323,126,"*","chr3","WGS_021_E20_F02","NC_035159.1:11198-11323",1
"83","NC_035159.1",112,656,545,"*","chr1","WGS_249_E20_F02","NC_035159.1:112-656",1
"84","NC_035159.1",11201,11335,135,"*","chr3","WGS_088_E20_F06","NC_035159.1:11201-11335",1
"85","NC_035159.1",11201,11342,142,"*","chr3","WGS_300_E20_F05","NC_035159.1:11201-11342",1
"86","NC_035159.1",11204,11374,171,"*","chr3","WGS_050_E20_F03","NC_035159.1:11204-11374",1
"87","NC_035159.1",11205,11358,154,"*","chr3","WGS_047_E20_F02","NC_035159.1:11205-11358",1
"88","NC_035159.1",11205,11374,170,"*","chr3","WGS_115_E20_F03","NC_035159.1:11205-11374",1
"89","NC_035159.1",11212,11358,147,"*","chr3","WGS_132_E20_F10","NC_035159.1:11212-11358",1
"90","NC_035159.1",11215,11296,82,"*","chr3","WGS_043_E20_F02","NC_035159.1:11215-11296",1
"91","NC_035159.1",11215,11299,85,"*","chr3","WGS_289_E20_F02","NC_035159.1:11215-11299",1
"92","NC_035159.1",11227,11318,92,"*","chr3","WGS_080_E20_F02","NC_035159.1:11227-11318",1
"93","NC_035159.1",11228,12076,849,"*","chr1","WGS_050_E20_F02","NC_035159.1:11228-12076",1
"94","NC_035159.1",11239,11289,51,"*","chr3","WGS_299_E20_F09","NC_035159.1:11239-11289",1
"95","NC_035159.1",11244,11272,29,"*","chr3","WGS_025_E20_F02","NC_035159.1:11244-11272",1
"96","NC_035159.1",11276,11347,72,"*","chr2","WGS_025_E20_F02","NC_035159.1:11276-11347",1
"97","NC_035159.1",11281,11363,83,"*","chr3","WGS_084_E20_F02","NC_035159.1:11281-11363",1
"98","NC_035159.1",11326,11578,253,"*","chr1","WGS_211_E20_F02","NC_035159.1:11326-11578",1
"99","NC_035159.1",11328,11579,252,"*","chr1","WGS_253_E20_F01","NC_035159.1:11328-11579",1
"100","NC_035159.1",11331,11580,250,"*","chr1","WGS_050_E20_F03","NC_035159.1:11331-11580",1
"101","NC_035159.1",11337,11580,244,"*","chr1","WGS_025_E20_F02","NC_035159.1:11337-11580",1
"102","NC_035159.1",11341,11564,224,"*","chr1","WGS_024_E20_F02","NC_035159.1:11341-11564",1
"103","NC_035159.1",11341,11575,235,"*","chr1","WGS_299_E20_F09","NC_035159.1:11341-11575",1
"104","NC_035159.1",11350,11559,210,"*","chr1","WGS_088_E20_F05","NC_035159.1:11350-11559",1
"105","NC_035159.1",11374,11399,26,"*","chr2","WGS_050_E20_F03","NC_035159.1:11374-11399",1
"106","NC_035159.1",11374,11420,47,"*","chr2","WGS_134_E20_F02","NC_035159.1:11374-11420",1
"107","NC_035159.1",11375,11721,347,"*","chr1","WGS_088_E20_F05","NC_035159.1:11375-11721",1
"108","NC_035159.1",11459,12105,647,"*","chr1","WGS_050_E20_F02","NC_035159.1:11459-12105",1
"109","NC_035159.1",11476,13387,1912,"*","chr1","WGS_060_E20_F06","NC_035159.1:11476-13387",1
"110","NC_035159.1",11504,11589,86,"*","chr1","WGS_060_E20_F06","NC_035159.1:11504-11589",1
"111","NC_035159.1",11507,11575,69,"*","chr1","WGS_266_E20_F04","NC_035159.1:11507-11575",1
"112","NC_035159.1",11508,11581,74,"*","chr1","WGS_050_E20_F02","NC_035159.1:11508-11581",1
"113","NC_035159.1",11514,11573,60,"*","chr1","WGS_252_E20_F02","NC_035159.1:11514-11573",1
"114","NC_035159.1",11515,11580,66,"*","chr1","WGS_134_E20_F02","NC_035159.1:11515-11580",1
"115","NC_035159.1",11517,11559,43,"*","chr1","WGS_043_E20_F02","NC_035159.1:11517-11559",1
"116","NC_035159.1",11518,11581,64,"*","chr1","WGS_038_E20_F07","NC_035159.1:11518-11581",1
"117","NC_035159.1",11521,11559,39,"*","chr1","WGS_088_E20_F06","NC_035159.1:11521-11559",1
"118","NC_035159.1",11551,11578,28,"*","chr1","WGS_050_E20_F02","NC_035159.1:11551-11578",1
"119","NC_035159.1",11552,11578,27,"*","chr2","WGS_088_E20_F06","NC_035159.1:11552-11578",1
"120","NC_035159.1",11556,11747,192,"*","chr1","WGS_060_E20_F06","NC_035159.1:11556-11747",1
"121","NC_035159.1",11573,12222,650,"*","chr1","WGS_289_E20_F02","NC_035159.1:11573-12222",1
"122","NC_035159.1",11578,11687,110,"*","chr3","WGS_240_E20_F05","NC_035159.1:11578-11687",1
"123","NC_035159.1",11578,11712,135,"*","chr3","WGS_246_E20_F07","NC_035159.1:11578-11712",1
"124","NC_035159.1",11621,12098,478,"*","chr2","WGS_050_E20_F03","NC_035159.1:11621-12098",1
"125","NC_035159.1",11632,11699,68,"*","chr2","WGS_299_E20_F09","NC_035159.1:11632-11699",1
"126","NC_035159.1",11632,11714,83,"*","chr2","WGS_025_E20_F02","NC_035159.1:11632-11714",1
"127","NC_035159.1",11632,11734,103,"*","chr2","WGS_040_E20_F02","NC_035159.1:11632-11734",1
"128","NC_035159.1",11634,11706,73,"*","chr2","WGS_253_E20_F01","NC_035159.1:11634-11706",1
"129","NC_035159.1",11639,11736,98,"*","chr2","WGS_289_E20_F02","NC_035159.1:11639-11736",1
"130","NC_035159.1",11643,11679,37,"*","chr3","WGS_289_E20_F02","NC_035159.1:11643-11679",1
"131","NC_035159.1",11644,11735,92,"*","chr2","WGS_043_E20_F02","NC_035159.1:11644-11735",1
"132","NC_035159.1",11651,11718,68,"*","chr3","WGS_289_E20_F02","NC_035159.1:11651-11718",1
"133","NC_035159.1",11672,13489,1818,"*","chr1","WGS_249_E20_F02","NC_035159.1:11672-13489",1
"134","NC_035159.1",11681,11724,44,"*","chr1","WGS_043_E20_F02","NC_035159.1:11681-11724",1
"135","NC_035159.1",11684,11710,27,"*","chr3","WGS_240_E20_F05","NC_035159.1:11684-11710",1
"136","NC_035159.1",11684,11721,38,"*","chr3","WGS_253_E20_F01","NC_035159.1:11684-11721",1
"137","NC_035159.1",11684,11725,42,"*","chr3","WGS_088_E20_F06","NC_035159.1:11684-11725",1
"138","NC_035159.1",11684,11727,44,"*","chr3","WGS_220_E20_F07","NC_035159.1:11684-11727",1
"139","NC_035159.1",11684,11731,48,"*","chr3","WGS_252_E20_F02","NC_035159.1:11684-11731",1
"140","NC_035159.1",11685,11711,27,"*","chr3","WGS_249_E20_F02","NC_035159.1:11685-11711",1
"141","NC_035159.1",11686,11730,45,"*","chr3","WGS_038_E20_F07","NC_035159.1:11686-11730",1
"142","NC_035159.1",11686,11735,50,"*","chr3","WGS_050_E20_F02","NC_035159.1:11686-11735",1
"143","NC_035159.1",11687,11727,41,"*","chr3","WGS_080_E20_F02","NC_035159.1:11687-11727",4
"144","NC_035159.1",11687,11727,41,"*","chr3","WGS_132_E20_F10","NC_035159.1:11687-11727",4
"145","NC_035159.1",11687,11727,41,"*","chr3","WGS_230_E20_F06","NC_035159.1:11687-11727",4
"146","NC_035159.1",11687,11727,41,"*","chr3","WGS_299_E20_F09","NC_035159.1:11687-11727",4
"147","NC_035159.1",11687,11735,49,"*","chr3","WGS_300_E20_F05","NC_035159.1:11687-11735",1
"148","NC_035159.1",11689,11724,36,"*","chr2","WGS_042_E20_F02","NC_035159.1:11689-11724",1
"149","NC_035159.1",11689,12171,483,"*","chr2","WGS_134_E20_F02","NC_035159.1:11689-12171",1
"150","NC_035159.1",11697,11728,32,"*","chr2","WGS_253_E20_F01","NC_035159.1:11697-11728",1
"151","NC_035159.1",11698,11734,37,"*","chr2","WGS_230_E20_F06","NC_035159.1:11698-11734",1
"152","NC_035159.1",11735,11925,191,"*","chr1","WGS_299_E20_F09","NC_035159.1:11735-11925",1
"153","NC_035159.1",11747,11901,155,"*","chr1","WGS_017_E20_F03","NC_035159.1:11747-11901",1
"154","NC_035159.1",11791,12211,421,"*","chr1","WGS_050_E20_F03","NC_035159.1:11791-12211",1
"155","NC_035159.1",11911,11981,71,"*","chr1","WGS_211_E20_F02","NC_035159.1:11911-11981",1
"156","NC_035159.1",12190,12242,53,"*","chr2","WGS_115_E20_F03","NC_035159.1:12190-12242",1
"157","NC_035159.1",12207,12465,259,"*","chr1","WGS_252_E20_F02","NC_035159.1:12207-12465",1
"158","NC_035159.1",12304,12356,53,"*","chr1","WGS_043_E20_F02","NC_035159.1:12304-12356",1
"159","NC_035159.1",12330,12355,26,"*","chr2","WGS_220_E20_F07","NC_035159.1:12330-12355",1
"160","NC_035159.1",12409,12635,227,"*","chr1","WGS_220_E20_F07","NC_035159.1:12409-12635",1
"161","NC_035159.1",12423,12516,94,"*","chr1","WGS_246_E20_F07","NC_035159.1:12423-12516",1
"162","NC_035159.1",12424,12471,48,"*","chr2","WGS_043_E20_F02","NC_035159.1:12424-12471",1
"163","NC_035159.1",12425,12911,487,"*","chr2","WGS_050_E20_F02","NC_035159.1:12425-12911",1
"164","NC_035159.1",12443,12623,181,"*","chr3","WGS_134_E20_F02","NC_035159.1:12443-12623",1
"165","NC_035159.1",12450,12601,152,"*","chr2","WGS_025_E20_F02","NC_035159.1:12450-12601",1
"166","NC_035159.1",12456,12623,168,"*","chr3","WGS_246_E20_F07","NC_035159.1:12456-12623",1
"167","NC_035159.1",12457,12537,81,"*","chr2","WGS_289_E20_F02","NC_035159.1:12457-12537",1
"168","NC_035159.1",12460,12599,140,"*","chr1","WGS_021_E20_F02","NC_035159.1:12460-12599",1
"169","NC_035159.1",12464,12492,29,"*","chr3","WGS_249_E20_F02","NC_035159.1:12464-12492",1
"170","NC_035159.1",12494,12617,124,"*","chr2","WGS_060_E20_F06","NC_035159.1:12494-12617",1
"171","NC_035159.1",12500,12616,117,"*","chr2","WGS_050_E20_F03","NC_035159.1:12500-12616",1
"172","NC_035159.1",12514,12623,110,"*","chr3","WGS_230_E20_F06","NC_035159.1:12514-12623",1
"173","NC_035159.1",12519,12644,126,"*","chr3","WGS_088_E20_F06","NC_035159.1:12519-12644",1
"174","NC_035159.1",12547,12919,373,"*","chr1","WGS_246_E20_F07","NC_035159.1:12547-12919",1
"175","NC_035159.1",12548,12690,143,"*","chr1","WGS_266_E20_F04","NC_035159.1:12548-12690",1
"176","NC_035159.1",12615,13043,429,"*","chr1","WGS_266_E20_F04","NC_035159.1:12615-13043",1
"177","NC_035159.1",12622,12737,116,"*","chr1","WGS_021_E20_F02","NC_035159.1:12622-12737",1
"178","NC_035159.1",1270,1297,28,"*","chr2","WGS_134_E20_F02","NC_035159.1:1270-1297",1
"179","NC_035159.1",1270,1303,34,"*","chr2","WGS_230_E20_F06","NC_035159.1:1270-1303",1
"180","NC_035159.1",1270,1304,35,"*","chr2","WGS_047_E20_F02","NC_035159.1:1270-1304",2
"181","NC_035159.1",1270,1304,35,"*","chr2","WGS_220_E20_F07","NC_035159.1:1270-1304",2
"182","NC_035159.1",1270,1307,38,"*","chr2","WGS_017_E20_F03","NC_035159.1:1270-1307",1
"183","NC_035159.1",12760,13242,483,"*","chr2","WGS_299_E20_F09","NC_035159.1:12760-13242",1
"184","NC_035159.1",12903,14067,1165,"*","chr1","WGS_211_E20_F02","NC_035159.1:12903-14067",1
"185","NC_035159.1",12928,13670,743,"*","chr1","WGS_017_E20_F03","NC_035159.1:12928-13670",1
"186","NC_035159.1",12930,13042,113,"*","chr1","WGS_289_E20_F02","NC_035159.1:12930-13042",1
"187","NC_035159.1",12932,13148,217,"*","chr1","WGS_266_E20_F04","NC_035159.1:12932-13148",1
"188","NC_035159.1",12933,13004,72,"*","chr1","WGS_038_E20_F07","NC_035159.1:12933-13004",1
"189","NC_035159.1",12934,13169,236,"*","chr1","WGS_025_E20_F02","NC_035159.1:12934-13169",1
"190","NC_035159.1",12936,13175,240,"*","chr1","WGS_043_E20_F02","NC_035159.1:12936-13175",1
"191","NC_035159.1",12944,13130,187,"*","chr1","WGS_249_E20_F02","NC_035159.1:12944-13130",1
"192","NC_035159.1",12947,13113,167,"*","chr1","WGS_042_E20_F02","NC_035159.1:12947-13113",1
"193","NC_035159.1",12948,13034,87,"*","chr1","WGS_024_E20_F02","NC_035159.1:12948-13034",1
"194","NC_035159.1",12951,13025,75,"*","chr1","WGS_230_E20_F06","NC_035159.1:12951-13025",1
"195","NC_035159.1",12951,13032,82,"*","chr1","WGS_088_E20_F05","NC_035159.1:12951-13032",1
"196","NC_035159.1",12951,13277,327,"*","chr1","WGS_252_E20_F02","NC_035159.1:12951-13277",1
"197","NC_035159.1",12954,13064,111,"*","chr1","WGS_040_E20_F02","NC_035159.1:12954-13064",1
"198","NC_035159.1",12960,13155,196,"*","chr1","WGS_134_E20_F02","NC_035159.1:12960-13155",1
"199","NC_035159.1",12961,13158,198,"*","chr1","WGS_240_E20_F05","NC_035159.1:12961-13158",1
"200","NC_035159.1",12965,13132,168,"*","chr1","WGS_088_E20_F06","NC_035159.1:12965-13132",1
"201","NC_035159.1",12971,13172,202,"*","chr1","WGS_300_E20_F05","NC_035159.1:12971-13172",1
"202","NC_035159.1",12980,13097,118,"*","chr1","WGS_299_E20_F09","NC_035159.1:12980-13097",1
"203","NC_035159.1",12981,13175,195,"*","chr1","WGS_211_E20_F02","NC_035159.1:12981-13175",1
"204","NC_035159.1",12989,13140,152,"*","chr1","WGS_088_E20_F05","NC_035159.1:12989-13140",1
"205","NC_035159.1",13002,13129,128,"*","chr1","WGS_021_E20_F02","NC_035159.1:13002-13129",1
"206","NC_035159.1",13015,13153,139,"*","chr1","WGS_132_E20_F10","NC_035159.1:13015-13153",1
"207","NC_035159.1",13049,13094,46,"*","chr1","WGS_060_E20_F06","NC_035159.1:13049-13094",1
"208","NC_035159.1",13057,13078,22,"*","chr1","WGS_060_E20_F06","NC_035159.1:13057-13078",1
"209","NC_035159.1",13058,13336,279,"*","chr1","WGS_253_E20_F01","NC_035159.1:13058-13336",1
"210","NC_035159.1",13096,13164,69,"*","chr2","WGS_240_E20_F05","NC_035159.1:13096-13164",1
"211","NC_035159.1",13096,13171,76,"*","chr2","WGS_300_E20_F05","NC_035159.1:13096-13171",1
"212","NC_035159.1",13114,13357,244,"*","chr1","WGS_134_E20_F02","NC_035159.1:13114-13357",1
"213","NC_035159.1",13163,13667,505,"*","chr1","WGS_246_E20_F07","NC_035159.1:13163-13667",1
"214","NC_035159.1",13190,13217,28,"*","chr2","WGS_024_E20_F02","NC_035159.1:13190-13217",1
"215","NC_035159.1",13192,13213,22,"*","chr2","WGS_134_E20_F02","NC_035159.1:13192-13213",1
"216","NC_035159.1",13192,13216,25,"*","chr2","WGS_040_E20_F02","NC_035159.1:13192-13216",1
"217","NC_035159.1",13192,13217,26,"*","chr2","WGS_249_E20_F02","NC_035159.1:13192-13217",1
"218","NC_035159.1",13192,13221,30,"*","chr2","WGS_088_E20_F06","NC_035159.1:13192-13221",1
"219","NC_035159.1",13210,13287,78,"*","chr1","WGS_299_E20_F09","NC_035159.1:13210-13287",1
"220","NC_035159.1",13212,13494,283,"*","chr1","WGS_050_E20_F03","NC_035159.1:13212-13494",1
"221","NC_035159.1",13273,13717,445,"*","chr1","WGS_252_E20_F02","NC_035159.1:13273-13717",1
"222","NC_035159.1",13280,13407,128,"*","chr2","WGS_289_E20_F02","NC_035159.1:13280-13407",1
"223","NC_035159.1",1334,1407,74,"*","chr1","WGS_050_E20_F02","NC_035159.1:1334-1407",1
"224","NC_035159.1",13365,13629,265,"*","chr2","WGS_024_E20_F02","NC_035159.1:13365-13629",1
"225","NC_035159.1",13373,13589,217,"*","chr3","WGS_300_E20_F05","NC_035159.1:13373-13589",1
"226","NC_035159.1",13374,13560,187,"*","chr1","WGS_021_E20_F02","NC_035159.1:13374-13560",1
"227","NC_035159.1",13382,13668,287,"*","chr2","WGS_249_E20_F02","NC_035159.1:13382-13668",1
"228","NC_035159.1",13426,13728,303,"*","chr1","WGS_289_E20_F02","NC_035159.1:13426-13728",1
"229","NC_035159.1",13439,13687,249,"*","chr1","WGS_299_E20_F09","NC_035159.1:13439-13687",1
"230","NC_035159.1",13474,13503,30,"*","chr2","WGS_050_E20_F03","NC_035159.1:13474-13503",1
"231","NC_035159.1",13516,14094,579,"*","chr1","WGS_050_E20_F03","NC_035159.1:13516-14094",1
"232","NC_035159.1",13546,13682,137,"*","chr2","WGS_220_E20_F07","NC_035159.1:13546-13682",1
"233","NC_035159.1",13546,13723,178,"*","chr2","WGS_240_E20_F05","NC_035159.1:13546-13723",1
"234","NC_035159.1",13548,13656,109,"*","chr3","WGS_220_E20_F07","NC_035159.1:13548-13656",1
"235","NC_035159.1",13565,13666,102,"*","chr1","WGS_253_E20_F01","NC_035159.1:13565-13666",1
"236","NC_035159.1",1358,1379,22,"*","chr2","WGS_249_E20_F02","NC_035159.1:1358-1379",1
"237","NC_035159.1",136,2639,2504,"*","chr1","WGS_024_E20_F02","NC_035159.1:136-2639",1
"238","NC_035159.1",13643,13893,251,"*","chr1","WGS_262_E20_F07","NC_035159.1:13643-13893",1
"239","NC_035159.1",13691,13862,172,"*","chr1","WGS_266_E20_F04","NC_035159.1:13691-13862",1
"240","NC_035159.1",13737,13894,158,"*","chr2","WGS_266_E20_F04","NC_035159.1:13737-13894",1
"241","NC_035159.1",13795,13833,39,"*","chr3","WGS_299_E20_F09","NC_035159.1:13795-13833",1
"242","NC_035159.1",13795,13878,84,"*","chr3","WGS_220_E20_F07","NC_035159.1:13795-13878",1
"243","NC_035159.1",1381,1792,412,"*","chr1","WGS_249_E20_F02","NC_035159.1:1381-1792",1
"244","NC_035159.1",13873,14224,352,"*","chr2","WGS_211_E20_F02","NC_035159.1:13873-14224",1
"245","NC_035159.1",13883,13926,44,"*","chr1","WGS_252_E20_F02","NC_035159.1:13883-13926",1
"246","NC_035159.1",13907,14140,234,"*","chr2","WGS_050_E20_F02","NC_035159.1:13907-14140",1
"247","NC_035159.1",13923,14078,156,"*","chr2","WGS_230_E20_F06","NC_035159.1:13923-14078",1
"248","NC_035159.1",13951,13989,39,"*","chr2","WGS_088_E20_F06","NC_035159.1:13951-13989",1
"249","NC_035159.1",13990,14019,30,"*","chr2","WGS_115_E20_F03","NC_035159.1:13990-14019",1
"250","NC_035159.1",14077,14302,226,"*","chr1","WGS_246_E20_F07","NC_035159.1:14077-14302",1
"251","NC_035159.1",14273,14297,25,"*","chr2","WGS_230_E20_F06","NC_035159.1:14273-14297",1
"252","NC_035159.1",14273,14298,26,"*","chr3","WGS_299_E20_F09","NC_035159.1:14273-14298",1
"253","NC_035159.1",14281,14661,381,"*","chr1","WGS_252_E20_F02","NC_035159.1:14281-14661",1
"254","NC_035159.1",14297,16598,2302,"*","chr1","WGS_249_E20_F02","NC_035159.1:14297-16598",1
"255","NC_035159.1",14318,15374,1057,"*","chr1","WGS_289_E20_F02","NC_035159.1:14318-15374",1
"256","NC_035159.1",14660,14687,28,"*","chr1","WGS_240_E20_F05","NC_035159.1:14660-14687",1
"257","NC_035159.1",14666,15629,964,"*","chr1","WGS_050_E20_F03","NC_035159.1:14666-15629",1
"258","NC_035159.1",14680,14822,143,"*","chr1","WGS_050_E20_F02","NC_035159.1:14680-14822",1
"259","NC_035159.1",14699,14750,52,"*","chr1","WGS_021_E20_F02","NC_035159.1:14699-14750",1
"260","NC_035159.1",14700,14822,123,"*","chr1","WGS_249_E20_F02","NC_035159.1:14700-14822",1
"261","NC_035159.1",14707,15646,940,"*","chr1","WGS_299_E20_F09","NC_035159.1:14707-15646",1
"262","NC_035159.1",14716,16386,1671,"*","chr1","WGS_024_E20_F02","NC_035159.1:14716-16386",1
"263","NC_035159.1",14742,15778,1037,"*","chr2","WGS_060_E20_F06","NC_035159.1:14742-15778",1
"264","NC_035159.1",14746,14829,84,"*","chr1","WGS_042_E20_F02","NC_035159.1:14746-14829",1
"265","NC_035159.1",14747,15165,419,"*","chr2","WGS_249_E20_F02","NC_035159.1:14747-15165",1
"266","NC_035159.1",14765,14793,29,"*","chr3","WGS_038_E20_F07","NC_035159.1:14765-14793",1
"267","NC_035159.1",14769,14805,37,"*","chr2","WGS_042_E20_F02","NC_035159.1:14769-14805",1
"268","NC_035159.1",1477,2038,562,"*","chr2","WGS_060_E20_F06","NC_035159.1:1477-2038",1
"269","NC_035159.1",14775,15116,342,"*","chr2","WGS_017_E20_F03","NC_035159.1:14775-15116",1
"270","NC_035159.1",14791,14827,37,"*","chr3","WGS_043_E20_F02","NC_035159.1:14791-14827",1
"271","NC_035159.1",14791,15774,984,"*","chr1","WGS_024_E20_F02","NC_035159.1:14791-15774",1
"272","NC_035159.1",14792,14838,47,"*","chr1","WGS_246_E20_F07","NC_035159.1:14792-14838",1
"273","NC_035159.1",14800,14824,25,"*","chr1","WGS_025_E20_F02","NC_035159.1:14800-14824",1
"274","NC_035159.1",14803,15152,350,"*","chr2","WGS_024_E20_F02","NC_035159.1:14803-15152",1
"275","NC_035159.1",14805,14956,152,"*","chr2","WGS_050_E20_F03","NC_035159.1:14805-14956",1
"276","NC_035159.1",1481,1806,326,"*","chr1","WGS_017_E20_F03","NC_035159.1:1481-1806",1
"277","NC_035159.1",14818,16236,1419,"*","chr1","WGS_050_E20_F03","NC_035159.1:14818-16236",1
"278","NC_035159.1",14823,16434,1612,"*","chr1","WGS_249_E20_F02","NC_035159.1:14823-16434",1
"279","NC_035159.1",14855,15351,497,"*","chr1","WGS_017_E20_F03","NC_035159.1:14855-15351",1
"280","NC_035159.1",14869,16153,1285,"*","chr1","WGS_050_E20_F02","NC_035159.1:14869-16153",1
"281","NC_035159.1",14875,16444,1570,"*","chr1","WGS_289_E20_F02","NC_035159.1:14875-16444",1
"282","NC_035159.1",14877,15621,745,"*","chr1","WGS_050_E20_F02","NC_035159.1:14877-15621",1
"283","NC_035159.1",14881,15157,277,"*","chr1","WGS_299_E20_F09","NC_035159.1:14881-15157",1
"284","NC_035159.1",14887,15649,763,"*","chr3","WGS_249_E20_F02","NC_035159.1:14887-15649",1
"285","NC_035159.1",14898,15015,118,"*","chr3","WGS_050_E20_F03","NC_035159.1:14898-15015",1
"286","NC_035159.1",14904,15088,185,"*","chr2","WGS_050_E20_F02","NC_035159.1:14904-15088",1
"287","NC_035159.1",14904,15381,478,"*","chr1","WGS_050_E20_F03","NC_035159.1:14904-15381",1
"288","NC_035159.1",14930,15200,271,"*","chr3","WGS_289_E20_F02","NC_035159.1:14930-15200",1
"289","NC_035159.1",15044,16482,1439,"*","chr3","WGS_050_E20_F02","NC_035159.1:15044-16482",1
"290","NC_035159.1",15080,15361,282,"*","chr3","WGS_060_E20_F06","NC_035159.1:15080-15361",1
"291","NC_035159.1",15081,15139,59,"*","chr2","WGS_289_E20_F02","NC_035159.1:15081-15139",1
"292","NC_035159.1",15087,15272,186,"*","chr3","WGS_017_E20_F03","NC_035159.1:15087-15272",1
"293","NC_035159.1",15113,15356,244,"*","chr3","WGS_289_E20_F02","NC_035159.1:15113-15356",1
"294","NC_035159.1",15114,16276,1163,"*","chr3","WGS_249_E20_F02","NC_035159.1:15114-16276",1
"295","NC_035159.1",15129,15683,555,"*","chr3","WGS_050_E20_F03","NC_035159.1:15129-15683",1
"296","NC_035159.1",15139,15353,215,"*","chr3","WGS_024_E20_F02","NC_035159.1:15139-15353",1
"297","NC_035159.1",15141,16392,1252,"*","chr2","WGS_299_E20_F09","NC_035159.1:15141-16392",1
"298","NC_035159.1",15157,15361,205,"*","chr1","WGS_060_E20_F06","NC_035159.1:15157-15361",1
"299","NC_035159.1",15170,15359,190,"*","chr3","WGS_300_E20_F05","NC_035159.1:15170-15359",1
"300","NC_035159.1",15196,15354,159,"*","chr3","WGS_299_E20_F09","NC_035159.1:15196-15354",1
"301","NC_035159.1",15241,15678,438,"*","chr3","WGS_024_E20_F02","NC_035159.1:15241-15678",1
"302","NC_035159.1",15266,15629,364,"*","chr1","WGS_050_E20_F02","NC_035159.1:15266-15629",1
"303","NC_035159.1",15363,15664,302,"*","chr1","WGS_017_E20_F03","NC_035159.1:15363-15664",1
"304","NC_035159.1",15401,15629,229,"*","chr1","WGS_042_E20_F02","NC_035159.1:15401-15629",1
"305","NC_035159.1",15427,15629,203,"*","chr1","WGS_220_E20_F07","NC_035159.1:15427-15629",1
"306","NC_035159.1",15434,15629,196,"*","chr1","WGS_134_E20_F02","NC_035159.1:15434-15629",1
"307","NC_035159.1",15448,15609,162,"*","chr1","WGS_017_E20_F03","NC_035159.1:15448-15609",1
"308","NC_035159.1",15448,15629,182,"*","chr1","WGS_021_E20_F02","NC_035159.1:15448-15629",19
"309","NC_035159.1",15448,15629,182,"*","chr1","WGS_021_E20_F02","NC_035159.1:15448-15629",19
"310","NC_035159.1",15448,15629,182,"*","chr1","WGS_025_E20_F02","NC_035159.1:15448-15629",19
"311","NC_035159.1",15448,15629,182,"*","chr1","WGS_040_E20_F02","NC_035159.1:15448-15629",19
"312","NC_035159.1",15448,15629,182,"*","chr2","WGS_043_E20_F02","NC_035159.1:15448-15629",19
"313","NC_035159.1",15448,15629,182,"*","chr1","WGS_080_E20_F02","NC_035159.1:15448-15629",19
"314","NC_035159.1",15448,15629,182,"*","chr1","WGS_080_E20_F02","NC_035159.1:15448-15629",19
"315","NC_035159.1",15448,15629,182,"*","chr1","WGS_088_E20_F05","NC_035159.1:15448-15629",19
"316","NC_035159.1",15448,15629,182,"*","chr1","WGS_088_E20_F06","NC_035159.1:15448-15629",19
"317","NC_035159.1",15448,15629,182,"*","chr1","WGS_115_E20_F03","NC_035159.1:15448-15629",19
"318","NC_035159.1",15448,15629,182,"*","chr1","WGS_220_E20_F07","NC_035159.1:15448-15629",19
"319","NC_035159.1",15448,15629,182,"*","chr1","WGS_230_E20_F06","NC_035159.1:15448-15629",19
"320","NC_035159.1",15448,15629,182,"*","chr1","WGS_240_E20_F05","NC_035159.1:15448-15629",19
"321","NC_035159.1",15448,15629,182,"*","chr1","WGS_246_E20_F07","NC_035159.1:15448-15629",19
"322","NC_035159.1",15448,15629,182,"*","chr1","WGS_249_E20_F02","NC_035159.1:15448-15629",19
"323","NC_035159.1",15448,15629,182,"*","chr1","WGS_252_E20_F02","NC_035159.1:15448-15629",19
"324","NC_035159.1",15448,15629,182,"*","chr1","WGS_289_E20_F02","NC_035159.1:15448-15629",19
"325","NC_035159.1",15448,15629,182,"*","chr3","WGS_299_E20_F09","NC_035159.1:15448-15629",19
"326","NC_035159.1",15448,15629,182,"*","chr1","WGS_300_E20_F05","NC_035159.1:15448-15629",19
"327","NC_035159.1",15453,15634,182,"*","chr1","WGS_060_E20_F06","NC_035159.1:15453-15634",1
"328","NC_035159.1",1550,2394,845,"*","chr1","WGS_060_E20_F06","NC_035159.1:1550-2394",1
"329","NC_035159.1",15570,15748,179,"*","chr1","WGS_060_E20_F06","NC_035159.1:15570-15748",1
"330","NC_035159.1",15682,16479,798,"*","chr3","WGS_050_E20_F02","NC_035159.1:15682-16479",1
"331","NC_035159.1",15689,15815,127,"*","chr2","WGS_249_E20_F02","NC_035159.1:15689-15815",1
"332","NC_035159.1",15757,15812,56,"*","chr3","WGS_211_E20_F02","NC_035159.1:15757-15812",1
"333","NC_035159.1",15764,16455,692,"*","chr2","WGS_024_E20_F02","NC_035159.1:15764-16455",1
"334","NC_035159.1",15766,15787,22,"*","chr3","WGS_042_E20_F02","NC_035159.1:15766-15787",1
"335","NC_035159.1",15775,15806,32,"*","chr1","WGS_134_E20_F02","NC_035159.1:15775-15806",1
"336","NC_035159.1",15776,15837,62,"*","chr3","WGS_134_E20_F02","NC_035159.1:15776-15837",1
"337","NC_035159.1",15800,16141,342,"*","chr1","WGS_024_E20_F02","NC_035159.1:15800-16141",1
"338","NC_035159.1",15825,15968,144,"*","chr3","WGS_043_E20_F02","NC_035159.1:15825-15968",1
"339","NC_035159.1",15828,15919,92,"*","chr3","WGS_043_E20_F02","NC_035159.1:15828-15919",1
"340","NC_035159.1",15869,15971,103,"*","chr3","WGS_088_E20_F05","NC_035159.1:15869-15971",1
"341","NC_035159.1",15918,16330,413,"*","chr3","WGS_246_E20_F05","NC_035159.1:15918-16330",1
"342","NC_035159.1",15935,16013,79,"*","chr2","WGS_299_E20_F09","NC_035159.1:15935-16013",1
"343","NC_035159.1",15936,15984,49,"*","chr2","WGS_266_E20_F04","NC_035159.1:15936-15984",1
"344","NC_035159.1",15939,15968,30,"*","chr2","WGS_084_E20_F02","NC_035159.1:15939-15968",1
"345","NC_035159.1",15939,16624,686,"*","chr2","WGS_240_E20_F05","NC_035159.1:15939-16624",1
"346","NC_035159.1",15941,16029,89,"*","chr2","WGS_043_E20_F02","NC_035159.1:15941-16029",1
"347","NC_035159.1",15942,16091,150,"*","chr1","WGS_043_E20_F02","NC_035159.1:15942-16091",1
"348","NC_035159.1",15970,16016,47,"*","chr3","WGS_240_E20_F05","NC_035159.1:15970-16016",1
"349","NC_035159.1",15971,16067,97,"*","chr3","WGS_043_E20_F02","NC_035159.1:15971-16067",1
"350","NC_035159.1",15974,16091,118,"*","chr2","WGS_246_E20_F07","NC_035159.1:15974-16091",1
"351","NC_035159.1",15975,16091,117,"*","chr2","WGS_038_E20_F07","NC_035159.1:15975-16091",1
"352","NC_035159.1",15979,16379,401,"*","chr2","WGS_095_E20_F11","NC_035159.1:15979-16379",1
"353","NC_035159.1",16014,16320,307,"*","chr2","WGS_050_E20_F02","NC_035159.1:16014-16320",1
"354","NC_035159.1",16091,16367,277,"*","chr2","WGS_220_E20_F07","NC_035159.1:16091-16367",1
"355","NC_035159.1",16091,16458,368,"*","chr2","WGS_299_E20_F09","NC_035159.1:16091-16458",1
"356","NC_035159.1",16138,16301,164,"*","chr3","WGS_024_E20_F02","NC_035159.1:16138-16301",1
"357","NC_035159.1",16162,16377,216,"*","chr1","WGS_050_E20_F03","NC_035159.1:16162-16377",1
"358","NC_035159.1",16167,16518,352,"*","chr1","WGS_017_E20_F03","NC_035159.1:16167-16518",1
"359","NC_035159.1",16175,16400,226,"*","chr3","WGS_050_E20_F03","NC_035159.1:16175-16400",1
"360","NC_035159.1",16182,16270,89,"*","chr3","WGS_040_E20_F02","NC_035159.1:16182-16270",1
"361","NC_035159.1",16185,16400,216,"*","chr3","WGS_299_E20_F09","NC_035159.1:16185-16400",1
"362","NC_035159.1",16191,16401,211,"*","chr3","WGS_060_E20_F06","NC_035159.1:16191-16401",1
"363","NC_035159.1",16202,16400,199,"*","chr3","WGS_289_E20_F02","NC_035159.1:16202-16400",1
"364","NC_035159.1",16206,16444,239,"*","chr3","WGS_249_E20_F02","NC_035159.1:16206-16444",1
"365","NC_035159.1",16207,16464,258,"*","chr3","WGS_024_E20_F02","NC_035159.1:16207-16464",1
"366","NC_035159.1",16259,16449,191,"*","chr2","WGS_246_E20_F07","NC_035159.1:16259-16449",1
"367","NC_035159.1",16260,16449,190,"*","chr2","WGS_289_E20_F02","NC_035159.1:16260-16449",1
"368","NC_035159.1",16265,16598,334,"*","chr3","WGS_266_E20_F04","NC_035159.1:16265-16598",1
"369","NC_035159.1",16275,16449,175,"*","chr2","WGS_088_E20_F05","NC_035159.1:16275-16449",1
"370","NC_035159.1",16276,16457,182,"*","chr3","WGS_246_E20_F07","NC_035159.1:16276-16457",1
"371","NC_035159.1",16278,16450,173,"*","chr2","WGS_134_E20_F02","NC_035159.1:16278-16450",1
"372","NC_035159.1",16280,16449,170,"*","chr3","WGS_134_E20_F02","NC_035159.1:16280-16449",1
"373","NC_035159.1",16281,16449,169,"*","chr2","WGS_021_E20_F02","NC_035159.1:16281-16449",1
"374","NC_035159.1",16288,16449,162,"*","chr2","WGS_042_E20_F02","NC_035159.1:16288-16449",1
"375","NC_035159.1",16294,16477,184,"*","chr2","WGS_132_E20_F10","NC_035159.1:16294-16477",1
"376","NC_035159.1",16296,16449,154,"*","chr2","WGS_038_E20_F07","NC_035159.1:16296-16449",1
"377","NC_035159.1",16297,16459,163,"*","chr2","WGS_088_E20_F06","NC_035159.1:16297-16459",1
"378","NC_035159.1",16299,16449,151,"*","chr3","WGS_132_E20_F10","NC_035159.1:16299-16449",1
"379","NC_035159.1",16300,16454,155,"*","chr2","WGS_249_E20_F02","NC_035159.1:16300-16454",1
"380","NC_035159.1",16301,16348,48,"*","chr2","WGS_115_E20_F03","NC_035159.1:16301-16348",1
"381","NC_035159.1",16301,16365,65,"*","chr2","WGS_300_E20_F05","NC_035159.1:16301-16365",1
"382","NC_035159.1",16301,16449,149,"*","chr2","WGS_024_E20_F02","NC_035159.1:16301-16449",1
"383","NC_035159.1",16303,16361,59,"*","chr2","WGS_249_E20_F02","NC_035159.1:16303-16361",1
"384","NC_035159.1",16304,16338,35,"*","chr2","WGS_211_E20_F02","NC_035159.1:16304-16338",1
"385","NC_035159.1",16306,16360,55,"*","chr2","WGS_240_E20_F05","NC_035159.1:16306-16360",1
"386","NC_035159.1",16308,16426,119,"*","chr3","WGS_262_E20_F07","NC_035159.1:16308-16426",1
"387","NC_035159.1",16309,16373,65,"*","chr2","WGS_084_E20_F02","NC_035159.1:16309-16373",1
"388","NC_035159.1",16313,16357,45,"*","chr2","WGS_021_E20_F02","NC_035159.1:16313-16357",1
"389","NC_035159.1",16318,16356,39,"*","chr2","WGS_095_E20_F11","NC_035159.1:16318-16356",1
"390","NC_035159.1",1632,2188,557,"*","chr1","WGS_252_E20_F02","NC_035159.1:1632-2188",1
"391","NC_035159.1",16322,16347,26,"*","chr2","WGS_088_E20_F05","NC_035159.1:16322-16347",1
"392","NC_035159.1",16322,16349,28,"*","chr2","WGS_021_E20_F02","NC_035159.1:16322-16349",1
"393","NC_035159.1",16322,16355,34,"*","chr2","WGS_088_E20_F06","NC_035159.1:16322-16355",1
"394","NC_035159.1",16327,16402,76,"*","chr3","WGS_042_E20_F02","NC_035159.1:16327-16402",1
"395","NC_035159.1",16330,16393,64,"*","chr3","WGS_266_E20_F04","NC_035159.1:16330-16393",1
"396","NC_035159.1",16331,16381,51,"*","chr1","WGS_024_E20_F02","NC_035159.1:16331-16381",1
"397","NC_035159.1",16340,16547,208,"*","chr3","WGS_024_E20_F02","NC_035159.1:16340-16547",1
"398","NC_035159.1",16347,16387,41,"*","chr3","WGS_132_E20_F10","NC_035159.1:16347-16387",1
"399","NC_035159.1",16351,16560,210,"*","chr1","WGS_050_E20_F03","NC_035159.1:16351-16560",1
"400","NC_035159.1",16352,16409,58,"*","chr2","WGS_300_E20_F05","NC_035159.1:16352-16409",1
"401","NC_035159.1",16354,16393,40,"*","chr3","WGS_134_E20_F02","NC_035159.1:16354-16393",1
"402","NC_035159.1",16354,16399,46,"*","chr1","WGS_266_E20_F04","NC_035159.1:16354-16399",1
"403","NC_035159.1",16354,16486,133,"*","chr2","WGS_134_E20_F02","NC_035159.1:16354-16486",1
"404","NC_035159.1",16355,16408,54,"*","chr2","WGS_220_E20_F07","NC_035159.1:16355-16408",1
"405","NC_035159.1",16355,16411,57,"*","chr2","WGS_042_E20_F02","NC_035159.1:16355-16411",1
"406","NC_035159.1",16355,16429,75,"*","chr2","WGS_230_E20_F06","NC_035159.1:16355-16429",1
"407","NC_035159.1",16355,16449,95,"*","chr2","WGS_063_E20_F02","NC_035159.1:16355-16449",1
"408","NC_035159.1",16355,16451,97,"*","chr2","WGS_025_E20_F02","NC_035159.1:16355-16451",1
"409","NC_035159.1",16355,16471,117,"*","chr2","WGS_252_E20_F02","NC_035159.1:16355-16471",1
"410","NC_035159.1",16355,16476,122,"*","chr3","WGS_017_E20_F03","NC_035159.1:16355-16476",1
"411","NC_035159.1",16356,16439,84,"*","chr3","WGS_211_E20_F02","NC_035159.1:16356-16439",1
"412","NC_035159.1",16357,16391,35,"*","chr3","WGS_084_E20_F02","NC_035159.1:16357-16391",1
"413","NC_035159.1",16366,16389,24,"*","chr2","WGS_084_E20_F02","NC_035159.1:16366-16389",1
"414","NC_035159.1",16366,16398,33,"*","chr3","WGS_063_E20_F02","NC_035159.1:16366-16398",1
"415","NC_035159.1",16372,16399,28,"*","chr1","WGS_211_E20_F02","NC_035159.1:16372-16399",1
"416","NC_035159.1",16379,16657,279,"*","chr2","WGS_024_E20_F02","NC_035159.1:16379-16657",1
"417","NC_035159.1",16380,16583,204,"*","chr1","WGS_134_E20_F02","NC_035159.1:16380-16583",1
"418","NC_035159.1",16391,16638,248,"*","chr1","WGS_299_E20_F09","NC_035159.1:16391-16638",1
"419","NC_035159.1",16424,16614,191,"*","chr1","WGS_252_E20_F02","NC_035159.1:16424-16614",1
"420","NC_035159.1",16456,16575,120,"*","chr1","WGS_220_E20_F07","NC_035159.1:16456-16575",1
"421","NC_035159.1",16489,16678,190,"*","chr2","WGS_050_E20_F03","NC_035159.1:16489-16678",1
"422","NC_035159.1",16493,16602,110,"*","chr2","WGS_246_E20_F07","NC_035159.1:16493-16602",1
"423","NC_035159.1",16494,16652,159,"*","chr2","WGS_038_E20_F07","NC_035159.1:16494-16652",1
"424","NC_035159.1",16505,16642,138,"*","chr2","WGS_050_E20_F02","NC_035159.1:16505-16642",1
"425","NC_035159.1",17,51,35,"*","chr1","WGS_246_E20_F07","NC_035159.1:17-51",1
"426","NC_035159.1",170,750,581,"*","chr1","WGS_024_E20_F02","NC_035159.1:170-750",1
"427","NC_035159.1",1744,2450,707,"*","chr1","WGS_050_E20_F03","NC_035159.1:1744-2450",1
"428","NC_035159.1",1795,2651,857,"*","chr1","WGS_024_E20_F02","NC_035159.1:1795-2651",1
"429","NC_035159.1",1822,2191,370,"*","chr2","WGS_042_E20_F02","NC_035159.1:1822-2191",1
"430","NC_035159.1",1906,1952,47,"*","chr3","WGS_080_E20_F02","NC_035159.1:1906-1952",1
"431","NC_035159.1",1909,1935,27,"*","chr3","WGS_220_E20_F07","NC_035159.1:1909-1935",1
"432","NC_035159.1",1909,1937,29,"*","chr3","WGS_240_E20_F05","NC_035159.1:1909-1937",1
"433","NC_035159.1",1909,1940,32,"*","chr3","WGS_060_E20_F06","NC_035159.1:1909-1940",1
"434","NC_035159.1",1909,1956,48,"*","chr3","WGS_252_E20_F02","NC_035159.1:1909-1956",1
"435","NC_035159.1",1955,2386,432,"*","chr1","WGS_289_E20_F02","NC_035159.1:1955-2386",1
"436","NC_035159.1",1973,1996,24,"*","chr2","WGS_211_E20_F02","NC_035159.1:1973-1996",1
"437","NC_035159.1",2,226,225,"*","chr3","WGS_246_E20_F07","NC_035159.1:2-226",1
"438","NC_035159.1",2,32,31,"*","chr2","WGS_246_E20_F07","NC_035159.1:2-32",1
"439","NC_035159.1",216,437,222,"*","chr1","WGS_017_E20_F03","NC_035159.1:216-437",1
"440","NC_035159.1",22,1188,1167,"*","chr1","WGS_050_E20_F03","NC_035159.1:22-1188",1
"441","NC_035159.1",234,660,427,"*","chr3","WGS_249_E20_F02","NC_035159.1:234-660",1
"442","NC_035159.1",2390,2444,55,"*","chr2","WGS_050_E20_F03","NC_035159.1:2390-2444",1
"443","NC_035159.1",2505,2527,23,"*","chr3","WGS_230_E20_F06","NC_035159.1:2505-2527",1
"444","NC_035159.1",2802,2841,40,"*","chr3","WGS_211_E20_F02","NC_035159.1:2802-2841",1
"445","NC_035159.1",2802,2968,167,"*","chr1","WGS_246_E20_F07","NC_035159.1:2802-2968",1
"446","NC_035159.1",2803,2827,25,"*","chr3","WGS_042_E20_F02","NC_035159.1:2803-2827",1
"447","NC_035159.1",2803,2838,36,"*","chr3","WGS_240_E20_F05","NC_035159.1:2803-2838",1
"448","NC_035159.1",2803,2845,43,"*","chr3","WGS_040_E20_F02","NC_035159.1:2803-2845",1
"449","NC_035159.1",2803,2855,53,"*","chr3","WGS_038_E20_F07","NC_035159.1:2803-2855",1
"450","NC_035159.1",2809,2838,30,"*","chr3","WGS_050_E20_F03","NC_035159.1:2809-2838",1
"451","NC_035159.1",2810,2904,95,"*","chr3","WGS_063_E20_F02","NC_035159.1:2810-2904",1
"452","NC_035159.1",2899,2940,42,"*","chr3","WGS_050_E20_F03","NC_035159.1:2899-2940",1
"453","NC_035159.1",2899,2957,59,"*","chr3","WGS_211_E20_F02","NC_035159.1:2899-2957",1
"454","NC_035159.1",2899,2983,85,"*","chr3","WGS_017_E20_F03","NC_035159.1:2899-2983",1
"455","NC_035159.1",29,641,613,"*","chr1","WGS_289_E20_F02","NC_035159.1:29-641",1
"456","NC_035159.1",2904,2965,62,"*","chr3","WGS_084_E20_F02","NC_035159.1:2904-2965",2
"457","NC_035159.1",2904,2965,62,"*","chr3","WGS_132_E20_F10","NC_035159.1:2904-2965",2
"458","NC_035159.1",2904,3015,112,"*","chr3","WGS_050_E20_F02","NC_035159.1:2904-3015",1
"459","NC_035159.1",2904,3289,386,"*","chr3","WGS_289_E20_F02","NC_035159.1:2904-3289",1
"460","NC_035159.1",2904,3559,656,"*","chr3","WGS_038_E20_F07","NC_035159.1:2904-3559",1
"461","NC_035159.1",2904,3586,683,"*","chr3","WGS_115_E20_F03","NC_035159.1:2904-3586",1
"462","NC_035159.1",2904,3610,707,"*","chr3","WGS_266_E20_F04","NC_035159.1:2904-3610",1
"463","NC_035159.1",2904,3617,714,"*","chr3","WGS_042_E20_F02","NC_035159.1:2904-3617",2
"464","NC_035159.1",2904,3617,714,"*","chr3","WGS_043_E20_F02","NC_035159.1:2904-3617",2
"465","NC_035159.1",2904,3622,719,"*","chr3","WGS_063_E20_F02","NC_035159.1:2904-3622",1
"466","NC_035159.1",2904,3629,726,"*","chr3","WGS_024_E20_F02","NC_035159.1:2904-3629",2
"467","NC_035159.1",2904,3629,726,"*","chr3","WGS_262_E20_F07","NC_035159.1:2904-3629",2
"468","NC_035159.1",2904,3633,730,"*","chr3","WGS_047_E20_F02","NC_035159.1:2904-3633",1
"469","NC_035159.1",2921,3048,128,"*","chr3","WGS_088_E20_F06","NC_035159.1:2921-3048",1
"470","NC_035159.1",2934,3631,698,"*","chr3","WGS_252_E20_F02","NC_035159.1:2934-3631",1
"471","NC_035159.1",2936,5088,2153,"*","chr1","WGS_024_E20_F02","NC_035159.1:2936-5088",1
"472","NC_035159.1",2941,3078,138,"*","chr3","WGS_220_E20_F07","NC_035159.1:2941-3078",1
"473","NC_035159.1",2941,3594,654,"*","chr3","WGS_050_E20_F03","NC_035159.1:2941-3594",1
"474","NC_035159.1",2944,3576,633,"*","chr3","WGS_040_E20_F02","NC_035159.1:2944-3576",1
"475","NC_035159.1",2965,3594,630,"*","chr3","WGS_025_E20_F02","NC_035159.1:2965-3594",1
"476","NC_035159.1",2975,3599,625,"*","chr3","WGS_021_E20_F02","NC_035159.1:2975-3599",1
"477","NC_035159.1",2995,3493,499,"*","chr3","WGS_060_E20_F06","NC_035159.1:2995-3493",1
"478","NC_035159.1",2997,3575,579,"*","chr3","WGS_080_E20_F02","NC_035159.1:2997-3575",1
"479","NC_035159.1",3018,4078,1061,"*","chr1","WGS_050_E20_F03","NC_035159.1:3018-4078",1
"480","NC_035159.1",31,1693,1663,"*","chr1","WGS_017_E20_F03","NC_035159.1:31-1693",1
"481","NC_035159.1",3145,3196,52,"*","chr3","WGS_252_E20_F02","NC_035159.1:3145-3196",1
"482","NC_035159.1",3145,3212,68,"*","chr3","WGS_240_E20_F05","NC_035159.1:3145-3212",1
"483","NC_035159.1",3178,3478,301,"*","chr1","WGS_289_E20_F02","NC_035159.1:3178-3478",1
"484","NC_035159.1",3180,3327,148,"*","chr2","WGS_230_E20_F06","NC_035159.1:3180-3327",1
"485","NC_035159.1",319,367,49,"*","chr1","WGS_134_E20_F02","NC_035159.1:319-367",1
"486","NC_035159.1",321,366,46,"*","chr2","WGS_042_E20_F02","NC_035159.1:321-366",1
"487","NC_035159.1",3261,3404,144,"*","chr1","WGS_024_E20_F02","NC_035159.1:3261-3404",1
"488","NC_035159.1",3339,4231,893,"*","chr1","WGS_299_E20_F09","NC_035159.1:3339-4231",1
"489","NC_035159.1",3355,3401,47,"*","chr2","WGS_050_E20_F03","NC_035159.1:3355-3401",2
"490","NC_035159.1",3355,3401,47,"*","chr1","WGS_211_E20_F02","NC_035159.1:3355-3401",2
"491","NC_035159.1",34,1796,1763,"*","chr1","WGS_299_E20_F09","NC_035159.1:34-1796",1
"492","NC_035159.1",3407,3455,49,"*","chr1","WGS_249_E20_F02","NC_035159.1:3407-3455",1
"493","NC_035159.1",3411,3495,85,"*","chr1","WGS_042_E20_F02","NC_035159.1:3411-3495",1
"494","NC_035159.1",3418,4323,906,"*","chr2","WGS_024_E20_F02","NC_035159.1:3418-4323",1
"495","NC_035159.1",3420,4164,745,"*","chr1","WGS_299_E20_F09","NC_035159.1:3420-4164",1
"496","NC_035159.1",3460,3855,396,"*","chr2","WGS_060_E20_F06","NC_035159.1:3460-3855",1
"497","NC_035159.1",3502,3687,186,"*","chr3","WGS_024_E20_F02","NC_035159.1:3502-3687",1
"498","NC_035159.1",3515,4140,626,"*","chr1","WGS_249_E20_F02","NC_035159.1:3515-4140",1
"499","NC_035159.1",3525,3712,188,"*","chr1","WGS_252_E20_F02","NC_035159.1:3525-3712",1
"500","NC_035159.1",3545,3692,148,"*","chr2","WGS_246_E20_F07","NC_035159.1:3545-3692",1
"501","NC_035159.1",3558,3664,107,"*","chr3","WGS_060_E20_F06","NC_035159.1:3558-3664",1
"502","NC_035159.1",3561,3617,57,"*","chr2","WGS_025_E20_F02","NC_035159.1:3561-3617",1
"503","NC_035159.1",3594,3618,25,"*","chr3","WGS_132_E20_F10","NC_035159.1:3594-3618",1
"504","NC_035159.1",3653,3899,247,"*","chr1","WGS_211_E20_F02","NC_035159.1:3653-3899",1
"505","NC_035159.1",3694,3721,28,"*","chr3","WGS_134_E20_F02","NC_035159.1:3694-3721",1
"506","NC_035159.1",37,275,239,"*","chr1","WGS_088_E20_F05","NC_035159.1:37-275",1
"507","NC_035159.1",37,637,601,"*","chr1","WGS_050_E20_F02","NC_035159.1:37-637",1
"508","NC_035159.1",3739,3882,144,"*","chr1","WGS_017_E20_F03","NC_035159.1:3739-3882",1
"509","NC_035159.1",3781,13902,10122,"*","chr1","WGS_249_E20_F02","NC_035159.1:3781-13902",1
"510","NC_035159.1",38,321,284,"*","chr1","WGS_249_E20_F02","NC_035159.1:38-321",1
"511","NC_035159.1",3824,3848,25,"*","chr1","WGS_084_E20_F02","NC_035159.1:3824-3848",1
"512","NC_035159.1",3976,3998,23,"*","chr1","WGS_060_E20_F06","NC_035159.1:3976-3998",1
"513","NC_035159.1",4019,4296,278,"*","chr2","WGS_249_E20_F02","NC_035159.1:4019-4296",1
"514","NC_035159.1",4071,4135,65,"*","chr1","WGS_017_E20_F03","NC_035159.1:4071-4135",1
"515","NC_035159.1",4081,5629,1549,"*","chr1","WGS_289_E20_F02","NC_035159.1:4081-5629",1
"516","NC_035159.1",41,83,43,"*","chr3","WGS_230_E20_F06","NC_035159.1:41-83",1
"517","NC_035159.1",4115,4138,24,"*","chr1","WGS_024_E20_F02","NC_035159.1:4115-4138",1
"518","NC_035159.1",4118,4156,39,"*","chr2","WGS_253_E20_F01","NC_035159.1:4118-4156",1
"519","NC_035159.1",4119,5427,1309,"*","chr1","WGS_060_E20_F06","NC_035159.1:4119-5427",1
"520","NC_035159.1",43,2423,2381,"*","chr1","WGS_024_E20_F02","NC_035159.1:43-2423",1
"521","NC_035159.1",4338,4975,638,"*","chr2","WGS_289_E20_F02","NC_035159.1:4338-4975",1
"522","NC_035159.1",4511,4768,258,"*","chr2","WGS_088_E20_F06","NC_035159.1:4511-4768",1
"523","NC_035159.1",4629,5040,412,"*","chr1","WGS_021_E20_F02","NC_035159.1:4629-5040",1
"524","NC_035159.1",4644,5557,914,"*","chr1","WGS_060_E20_F06","NC_035159.1:4644-5557",1
"525","NC_035159.1",4648,5126,479,"*","chr1","WGS_050_E20_F03","NC_035159.1:4648-5126",1
"526","NC_035159.1",4725,14004,9280,"*","chr1","WGS_024_E20_F02","NC_035159.1:4725-14004",1
"527","NC_035159.1",4752,5950,1199,"*","chr1","WGS_050_E20_F03","NC_035159.1:4752-5950",1
"528","NC_035159.1",4782,5606,825,"*","chr1","WGS_249_E20_F02","NC_035159.1:4782-5606",1
"529","NC_035159.1",479,2602,2124,"*","chr1","WGS_060_E20_F06","NC_035159.1:479-2602",1
"530","NC_035159.1",4809,5971,1163,"*","chr2","WGS_060_E20_F06","NC_035159.1:4809-5971",1
"531","NC_035159.1",4810,5104,295,"*","chr2","WGS_249_E20_F02","NC_035159.1:4810-5104",1
"532","NC_035159.1",5004,5334,331,"*","chr2","WGS_024_E20_F02","NC_035159.1:5004-5334",1
"533","NC_035159.1",5014,5312,299,"*","chr1","WGS_021_E20_F02","NC_035159.1:5014-5312",1
"534","NC_035159.1",5014,5352,339,"*","chr1","WGS_047_E20_F02","NC_035159.1:5014-5352",1
"535","NC_035159.1",522,1968,1447,"*","chr1","WGS_249_E20_F02","NC_035159.1:522-1968",1
"536","NC_035159.1",53,135,83,"*","chr2","WGS_024_E20_F02","NC_035159.1:53-135",1
"537","NC_035159.1",5304,5725,422,"*","chr1","WGS_040_E20_F02","NC_035159.1:5304-5725",1
"538","NC_035159.1",5309,5464,156,"*","chr1","WGS_289_E20_F02","NC_035159.1:5309-5464",1
"539","NC_035159.1",5326,5535,210,"*","chr3","WGS_134_E20_F02","NC_035159.1:5326-5535",1
"540","NC_035159.1",5347,5512,166,"*","chr3","WGS_132_E20_F10","NC_035159.1:5347-5512",1
"541","NC_035159.1",5358,5390,33,"*","chr1","WGS_134_E20_F02","NC_035159.1:5358-5390",1
"542","NC_035159.1",5360,5583,224,"*","chr3","WGS_021_E20_F02","NC_035159.1:5360-5583",1
"543","NC_035159.1",5367,5589,223,"*","chr3","WGS_211_E20_F02","NC_035159.1:5367-5589",1
"544","NC_035159.1",5369,5591,223,"*","chr3","WGS_300_E20_F05","NC_035159.1:5369-5591",1
"545","NC_035159.1",5420,5524,105,"*","chr3","WGS_024_E20_F02","NC_035159.1:5420-5524",1
"546","NC_035159.1",5423,5660,238,"*","chr2","WGS_050_E20_F03","NC_035159.1:5423-5660",1
"547","NC_035159.1",5425,5501,77,"*","chr1","WGS_211_E20_F02","NC_035159.1:5425-5501",1
"548","NC_035159.1",5434,5519,86,"*","chr3","WGS_025_E20_F02","NC_035159.1:5434-5519",1
"549","NC_035159.1",5434,5571,138,"*","chr3","WGS_060_E20_F06","NC_035159.1:5434-5571",1
"550","NC_035159.1",5442,5541,100,"*","chr3","WGS_047_E20_F02","NC_035159.1:5442-5541",1
"551","NC_035159.1",545,595,51,"*","chr2","WGS_249_E20_F02","NC_035159.1:545-595",1
"552","NC_035159.1",545,609,65,"*","chr2","WGS_253_E20_F01","NC_035159.1:545-609",1
"553","NC_035159.1",5452,5533,82,"*","chr3","WGS_021_E20_F02","NC_035159.1:5452-5533",1
"554","NC_035159.1",5459,5558,100,"*","chr3","WGS_040_E20_F02","NC_035159.1:5459-5558",1
"555","NC_035159.1",5475,5515,41,"*","chr3","WGS_095_E20_F11","NC_035159.1:5475-5515",1
"556","NC_035159.1",5484,5583,100,"*","chr3","WGS_230_E20_F06","NC_035159.1:5484-5583",1
"557","NC_035159.1",5487,5585,99,"*","chr3","WGS_088_E20_F05","NC_035159.1:5487-5585",1
"558","NC_035159.1",5490,5535,46,"*","chr3","WGS_253_E20_F01","NC_035159.1:5490-5535",1
"559","NC_035159.1",55,1948,1894,"*","chr1","WGS_050_E20_F03","NC_035159.1:55-1948",1
"560","NC_035159.1",556,582,27,"*","chr2","WGS_025_E20_F02","NC_035159.1:556-582",2
"561","NC_035159.1",556,582,27,"*","chr2","WGS_300_E20_F05","NC_035159.1:556-582",2
"562","NC_035159.1",556,583,28,"*","chr2","WGS_289_E20_F02","NC_035159.1:556-583",1
"563","NC_035159.1",556,595,40,"*","chr2","WGS_246_E20_F07","NC_035159.1:556-595",1
"564","NC_035159.1",5592,5672,81,"*","chr2","WGS_043_E20_F02","NC_035159.1:5592-5672",1
"565","NC_035159.1",5627,5891,265,"*","chr1","WGS_299_E20_F09","NC_035159.1:5627-5891",1
"566","NC_035159.1",5709,5734,26,"*","chr3","WGS_088_E20_F06","NC_035159.1:5709-5734",1
"567","NC_035159.1",5712,5754,43,"*","chr3","WGS_246_E20_F07","NC_035159.1:5712-5754",1
"568","NC_035159.1",5712,5765,54,"*","chr3","WGS_246_E20_F05","NC_035159.1:5712-5765",1
"569","NC_035159.1",5978,6153,176,"*","chr1","WGS_084_E20_F02","NC_035159.1:5978-6153",1
"570","NC_035159.1",5979,6011,33,"*","chr1","WGS_253_E20_F01","NC_035159.1:5979-6011",1
"571","NC_035159.1",6,129,124,"*","chr3","WGS_266_E20_F04","NC_035159.1:6-129",1
"572","NC_035159.1",6005,6166,162,"*","chr1","WGS_042_E20_F02","NC_035159.1:6005-6166",1
"573","NC_035159.1",6020,13541,7522,"*","chr1","WGS_024_E20_F02","NC_035159.1:6020-13541",1
"574","NC_035159.1",6044,6179,136,"*","chr1","WGS_050_E20_F02","NC_035159.1:6044-6179",1
"575","NC_035159.1",6060,9643,3584,"*","chr1","WGS_060_E20_F06","NC_035159.1:6060-9643",1
"576","NC_035159.1",608,1221,614,"*","chr1","WGS_299_E20_F09","NC_035159.1:608-1221",1
"577","NC_035159.1",6117,8288,2172,"*","chr1","WGS_050_E20_F03","NC_035159.1:6117-8288",1
"578","NC_035159.1",6118,6234,117,"*","chr2","WGS_246_E20_F07","NC_035159.1:6118-6234",1
"579","NC_035159.1",6127,6170,44,"*","chr1","WGS_043_E20_F02","NC_035159.1:6127-6170",1
"580","NC_035159.1",6176,6207,32,"*","chr1","WGS_134_E20_F02","NC_035159.1:6176-6207",1
"581","NC_035159.1",6176,6208,33,"*","chr1","WGS_299_E20_F09","NC_035159.1:6176-6208",1
"582","NC_035159.1",6213,6754,542,"*","chr1","WGS_246_E20_F07","NC_035159.1:6213-6754",1
"583","NC_035159.1",6240,6704,465,"*","chr1","WGS_063_E20_F02","NC_035159.1:6240-6704",1
"584","NC_035159.1",6279,6446,168,"*","chr3","WGS_132_E20_F10","NC_035159.1:6279-6446",1
"585","NC_035159.1",6279,6448,170,"*","chr3","WGS_253_E20_F01","NC_035159.1:6279-6448",1
"586","NC_035159.1",6279,6456,178,"*","chr3","WGS_024_E20_F02","NC_035159.1:6279-6456",1
"587","NC_035159.1",6279,6475,197,"*","chr3","WGS_230_E20_F06","NC_035159.1:6279-6475",1
"588","NC_035159.1",6317,6775,459,"*","chr1","WGS_050_E20_F02","NC_035159.1:6317-6775",1
"589","NC_035159.1",6318,8935,2618,"*","chr1","WGS_289_E20_F02","NC_035159.1:6318-8935",1
"590","NC_035159.1",6419,9423,3005,"*","chr1","WGS_249_E20_F02","NC_035159.1:6419-9423",1
"591","NC_035159.1",6442,6700,259,"*","chr1","WGS_266_E20_F04","NC_035159.1:6442-6700",1
"592","NC_035159.1",6443,6671,229,"*","chr1","WGS_021_E20_F02","NC_035159.1:6443-6671",1
"593","NC_035159.1",6456,6712,257,"*","chr3","WGS_040_E20_F02","NC_035159.1:6456-6712",1
"594","NC_035159.1",6525,7075,551,"*","chr1","WGS_299_E20_F09","NC_035159.1:6525-7075",1
"595","NC_035159.1",6539,7178,640,"*","chr2","WGS_230_E20_F06","NC_035159.1:6539-7178",1
"596","NC_035159.1",6552,6715,164,"*","chr1","WGS_050_E20_F03","NC_035159.1:6552-6715",1
"597","NC_035159.1",6573,6741,169,"*","chr2","WGS_249_E20_F02","NC_035159.1:6573-6741",1
"598","NC_035159.1",6621,7011,391,"*","chr2","WGS_060_E20_F06","NC_035159.1:6621-7011",1
"599","NC_035159.1",6622,6824,203,"*","chr2","WGS_050_E20_F03","NC_035159.1:6622-6824",1
"600","NC_035159.1",6645,7097,453,"*","chr3","WGS_132_E20_F10","NC_035159.1:6645-7097",1
"601","NC_035159.1",6657,8534,1878,"*","chr1","WGS_299_E20_F09","NC_035159.1:6657-8534",1
"602","NC_035159.1",6658,6813,156,"*","chr1","WGS_050_E20_F02","NC_035159.1:6658-6813",1
"603","NC_035159.1",6659,6709,51,"*","chr1","WGS_266_E20_F04","NC_035159.1:6659-6709",1
"604","NC_035159.1",6663,6727,65,"*","chr3","WGS_266_E20_F04","NC_035159.1:6663-6727",1
"605","NC_035159.1",6664,6696,33,"*","chr3","WGS_115_E20_F03","NC_035159.1:6664-6696",1
"606","NC_035159.1",6664,6729,66,"*","chr3","WGS_211_E20_F02","NC_035159.1:6664-6729",1
"607","NC_035159.1",6664,6733,70,"*","chr3","WGS_042_E20_F02","NC_035159.1:6664-6733",1
"608","NC_035159.1",6665,6710,46,"*","chr3","WGS_299_E20_F09","NC_035159.1:6665-6710",1
"609","NC_035159.1",6665,6964,300,"*","chr3","WGS_084_E20_F02","NC_035159.1:6665-6964",2
"610","NC_035159.1",6665,6964,300,"*","chr3","WGS_220_E20_F07","NC_035159.1:6665-6964",2
"611","NC_035159.1",6666,6732,67,"*","chr3","WGS_134_E20_F02","NC_035159.1:6666-6732",1
"612","NC_035159.1",6666,6964,299,"*","chr3","WGS_063_E20_F02","NC_035159.1:6666-6964",1
"613","NC_035159.1",6667,6688,22,"*","chr1","WGS_080_E20_F02","NC_035159.1:6667-6688",1
"614","NC_035159.1",6667,6701,35,"*","chr3","WGS_080_E20_F02","NC_035159.1:6667-6701",1
"615","NC_035159.1",6668,7498,831,"*","chr2","WGS_017_E20_F03","NC_035159.1:6668-7498",1
"616","NC_035159.1",6669,6723,55,"*","chr3","WGS_230_E20_F06","NC_035159.1:6669-6723",1
"617","NC_035159.1",6670,6721,52,"*","chr3","WGS_021_E20_F02","NC_035159.1:6670-6721",1
"618","NC_035159.1",6677,6703,27,"*","chr3","WGS_095_E20_F11","NC_035159.1:6677-6703",1
"619","NC_035159.1",6696,6723,28,"*","chr3","WGS_300_E20_F05","NC_035159.1:6696-6723",1
"620","NC_035159.1",6704,6742,39,"*","chr1","WGS_252_E20_F02","NC_035159.1:6704-6742",1
"621","NC_035159.1",6711,6767,57,"*","chr1","WGS_253_E20_F01","NC_035159.1:6711-6767",1
"622","NC_035159.1",6721,7098,378,"*","chr1","WGS_042_E20_F02","NC_035159.1:6721-7098",1
"623","NC_035159.1",6730,6826,97,"*","chr1","WGS_024_E20_F02","NC_035159.1:6730-6826",1
"624","NC_035159.1",6737,8610,1874,"*","chr1","WGS_017_E20_F03","NC_035159.1:6737-8610",1
"625","NC_035159.1",680,1777,1098,"*","chr2","WGS_024_E20_F02","NC_035159.1:680-1777",1
"626","NC_035159.1",6812,7416,605,"*","chr1","WGS_289_E20_F02","NC_035159.1:6812-7416",1
"627","NC_035159.1",6844,7239,396,"*","chr2","WGS_050_E20_F02","NC_035159.1:6844-7239",1
"628","NC_035159.1",6888,7257,370,"*","chr1","WGS_017_E20_F03","NC_035159.1:6888-7257",1
"629","NC_035159.1",7041,7151,111,"*","chr1","WGS_220_E20_F07","NC_035159.1:7041-7151",1
"630","NC_035159.1",706,1187,482,"*","chr2","WGS_050_E20_F03","NC_035159.1:706-1187",1
"631","NC_035159.1",7073,7142,70,"*","chr1","WGS_080_E20_F02","NC_035159.1:7073-7142",1
"632","NC_035159.1",7077,7168,92,"*","chr2","WGS_266_E20_F04","NC_035159.1:7077-7168",1
"633","NC_035159.1",708,956,249,"*","chr1","WGS_060_E20_F06","NC_035159.1:708-956",1
"634","NC_035159.1",709,881,173,"*","chr1","WGS_060_E20_F06","NC_035159.1:709-881",1
"635","NC_035159.1",717,842,126,"*","chr3","WGS_025_E20_F02","NC_035159.1:717-842",1
"636","NC_035159.1",719,861,143,"*","chr3","WGS_038_E20_F07","NC_035159.1:719-861",1
"637","NC_035159.1",723,782,60,"*","chr3","WGS_132_E20_F10","NC_035159.1:723-782",1
"638","NC_035159.1",725,870,146,"*","chr3","WGS_050_E20_F03","NC_035159.1:725-870",1
"639","NC_035159.1",7289,7845,557,"*","chr2","WGS_249_E20_F02","NC_035159.1:7289-7845",1
"640","NC_035159.1",7291,8783,1493,"*","chr1","WGS_050_E20_F03","NC_035159.1:7291-8783",1
"641","NC_035159.1",7292,7582,291,"*","chr3","WGS_230_E20_F06","NC_035159.1:7292-7582",1
"642","NC_035159.1",7335,7400,66,"*","chr2","WGS_262_E20_F07","NC_035159.1:7335-7400",1
"643","NC_035159.1",7335,7498,164,"*","chr2","WGS_249_E20_F02","NC_035159.1:7335-7498",1
"644","NC_035159.1",7335,7529,195,"*","chr2","WGS_088_E20_F06","NC_035159.1:7335-7529",1
"645","NC_035159.1",7335,7538,204,"*","chr2","WGS_266_E20_F04","NC_035159.1:7335-7538",1
"646","NC_035159.1",7335,7578,244,"*","chr2","WGS_040_E20_F02","NC_035159.1:7335-7578",1
"647","NC_035159.1",7335,7617,283,"*","chr2","WGS_095_E20_F11","NC_035159.1:7335-7617",1
"648","NC_035159.1",7335,7669,335,"*","chr2","WGS_115_E20_F03","NC_035159.1:7335-7669",1
"649","NC_035159.1",7364,7605,242,"*","chr2","WGS_063_E20_F02","NC_035159.1:7364-7605",1
"650","NC_035159.1",7366,7544,179,"*","chr2","WGS_024_E20_F02","NC_035159.1:7366-7544",1
"651","NC_035159.1",7369,7625,257,"*","chr2","WGS_252_E20_F02","NC_035159.1:7369-7625",1
"652","NC_035159.1",7370,7487,118,"*","chr2","WGS_038_E20_F07","NC_035159.1:7370-7487",1
"653","NC_035159.1",7370,7621,252,"*","chr2","WGS_134_E20_F02","NC_035159.1:7370-7621",1
"654","NC_035159.1",7372,7642,271,"*","chr2","WGS_025_E20_F02","NC_035159.1:7372-7642",1
"655","NC_035159.1",7373,7481,109,"*","chr2","WGS_021_E20_F02","NC_035159.1:7373-7481",1
"656","NC_035159.1",7373,7551,179,"*","chr2","WGS_230_E20_F06","NC_035159.1:7373-7551",1
"657","NC_035159.1",7375,7659,285,"*","chr2","WGS_088_E20_F05","NC_035159.1:7375-7659",1
"658","NC_035159.1",7379,7495,117,"*","chr2","WGS_132_E20_F10","NC_035159.1:7379-7495",1
"659","NC_035159.1",738,824,87,"*","chr3","WGS_289_E20_F02","NC_035159.1:738-824",1
"660","NC_035159.1",7381,7484,104,"*","chr2","WGS_246_E20_F05","NC_035159.1:7381-7484",1
"661","NC_035159.1",7381,7565,185,"*","chr2","WGS_047_E20_F02","NC_035159.1:7381-7565",1
"662","NC_035159.1",7383,7405,23,"*","chr2","WGS_060_E20_F06","NC_035159.1:7383-7405",1
"663","NC_035159.1",7383,7659,277,"*","chr2","WGS_253_E20_F01","NC_035159.1:7383-7659",1
"664","NC_035159.1",7384,7624,241,"*","chr2","WGS_246_E20_F07","NC_035159.1:7384-7624",1
"665","NC_035159.1",7386,7426,41,"*","chr2","WGS_050_E20_F03","NC_035159.1:7386-7426",1
"666","NC_035159.1",7386,7680,295,"*","chr2","WGS_220_E20_F07","NC_035159.1:7386-7680",1
"667","NC_035159.1",7401,7587,187,"*","chr2","WGS_299_E20_F09","NC_035159.1:7401-7587",1
"668","NC_035159.1",7434,8969,1536,"*","chr1","WGS_060_E20_F06","NC_035159.1:7434-8969",1
"669","NC_035159.1",7440,7652,213,"*","chr1","WGS_220_E20_F07","NC_035159.1:7440-7652",1
"670","NC_035159.1",7444,7472,29,"*","chr1","WGS_050_E20_F02","NC_035159.1:7444-7472",1
"671","NC_035159.1",7447,7713,267,"*","chr2","WGS_050_E20_F02","NC_035159.1:7447-7713",1
"672","NC_035159.1",7458,7639,182,"*","chr1","WGS_040_E20_F02","NC_035159.1:7458-7639",1
"673","NC_035159.1",7493,8264,772,"*","chr2","WGS_289_E20_F02","NC_035159.1:7493-8264",1
"674","NC_035159.1",75,2582,2508,"*","chr1","WGS_289_E20_F02","NC_035159.1:75-2582",1
"675","NC_035159.1",7509,7839,331,"*","chr1","WGS_132_E20_F10","NC_035159.1:7509-7839",1
"676","NC_035159.1",7520,7930,411,"*","chr3","WGS_115_E20_F03","NC_035159.1:7520-7930",1
"677","NC_035159.1",7533,7624,92,"*","chr3","WGS_266_E20_F04","NC_035159.1:7533-7624",1
"678","NC_035159.1",7540,7590,51,"*","chr3","WGS_220_E20_F07","NC_035159.1:7540-7590",1
"679","NC_035159.1",7566,7860,295,"*","chr3","WGS_266_E20_F04","NC_035159.1:7566-7860",1
"680","NC_035159.1",7607,7953,347,"*","chr3","WGS_230_E20_F06","NC_035159.1:7607-7953",1
"681","NC_035159.1",7612,7636,25,"*","chr1","WGS_080_E20_F02","NC_035159.1:7612-7636",1
"682","NC_035159.1",7729,8212,484,"*","chr1","WGS_040_E20_F02","NC_035159.1:7729-8212",1
"683","NC_035159.1",7753,7937,185,"*","chr2","WGS_060_E20_F06","NC_035159.1:7753-7937",1
"684","NC_035159.1",7757,12015,4259,"*","chr2","WGS_024_E20_F02","NC_035159.1:7757-12015",1
"685","NC_035159.1",784,829,46,"*","chr3","WGS_060_E20_F06","NC_035159.1:784-829",1
"686","NC_035159.1",784,835,52,"*","chr3","WGS_080_E20_F02","NC_035159.1:784-835",1
"687","NC_035159.1",784,838,55,"*","chr3","WGS_050_E20_F02","NC_035159.1:784-838",1
"688","NC_035159.1",784,860,77,"*","chr3","WGS_249_E20_F02","NC_035159.1:784-860",1
"689","NC_035159.1",7840,7866,27,"*","chr2","WGS_230_E20_F06","NC_035159.1:7840-7866",1
"690","NC_035159.1",7840,7882,43,"*","chr2","WGS_095_E20_F11","NC_035159.1:7840-7882",1
"691","NC_035159.1",7840,7909,70,"*","chr2","WGS_115_E20_F03","NC_035159.1:7840-7909",1
"692","NC_035159.1",7840,7988,149,"*","chr2","WGS_266_E20_F04","NC_035159.1:7840-7988",1
"693","NC_035159.1",7860,8158,299,"*","chr1","WGS_050_E20_F02","NC_035159.1:7860-8158",1
"694","NC_035159.1",7915,9001,1087,"*","chr2","WGS_299_E20_F09","NC_035159.1:7915-9001",1
"695","NC_035159.1",796,850,55,"*","chr3","WGS_134_E20_F02","NC_035159.1:796-850",1
"696","NC_035159.1",80,119,40,"*","chr3","WGS_088_E20_F06","NC_035159.1:80-119",1
"697","NC_035159.1",80,135,56,"*","chr3","WGS_252_E20_F02","NC_035159.1:80-135",1
"698","NC_035159.1",80,141,62,"*","chr3","WGS_063_E20_F02","NC_035159.1:80-141",1
"699","NC_035159.1",80,150,71,"*","chr3","WGS_253_E20_F01","NC_035159.1:80-150",1
"700","NC_035159.1",80,205,126,"*","chr3","WGS_115_E20_F03","NC_035159.1:80-205",1
"701","NC_035159.1",80,243,164,"*","chr3","WGS_084_E20_F02","NC_035159.1:80-243",1
"702","NC_035159.1",8000,8231,232,"*","chr2","WGS_253_E20_F01","NC_035159.1:8000-8231",1
"703","NC_035159.1",8000,8240,241,"*","chr2","WGS_088_E20_F06","NC_035159.1:8000-8240",1
"704","NC_035159.1",805,838,34,"*","chr3","WGS_017_E20_F03","NC_035159.1:805-838",1
"705","NC_035159.1",8062,8776,715,"*","chr2","WGS_050_E20_F03","NC_035159.1:8062-8776",1
"706","NC_035159.1",8064,8873,810,"*","chr1","WGS_050_E20_F02","NC_035159.1:8064-8873",1
"707","NC_035159.1",808,830,23,"*","chr3","WGS_132_E20_F10","NC_035159.1:808-830",1
"708","NC_035159.1",808,832,25,"*","chr3","WGS_038_E20_F07","NC_035159.1:808-832",1
"709","NC_035159.1",808,836,29,"*","chr3","WGS_088_E20_F06","NC_035159.1:808-836",2
"710","NC_035159.1",808,836,29,"*","chr3","WGS_230_E20_F06","NC_035159.1:808-836",2
"711","NC_035159.1",808,838,31,"*","chr3","WGS_220_E20_F07","NC_035159.1:808-838",1
"712","NC_035159.1",808,841,34,"*","chr3","WGS_060_E20_F06","NC_035159.1:808-841",1
"713","NC_035159.1",808,846,39,"*","chr3","WGS_025_E20_F02","NC_035159.1:808-846",1
"714","NC_035159.1",808,849,42,"*","chr3","WGS_042_E20_F02","NC_035159.1:808-849",1
"715","NC_035159.1",8133,8249,117,"*","chr2","WGS_025_E20_F02","NC_035159.1:8133-8249",1
"716","NC_035159.1",8135,8226,92,"*","chr1","WGS_266_E20_F04","NC_035159.1:8135-8226",1
"717","NC_035159.1",8138,8276,139,"*","chr2","WGS_211_E20_F02","NC_035159.1:8138-8276",1
"718","NC_035159.1",8144,8212,69,"*","chr2","WGS_038_E20_F07","NC_035159.1:8144-8212",1
"719","NC_035159.1",8146,8171,26,"*","chr1","WGS_246_E20_F07","NC_035159.1:8146-8171",1
"720","NC_035159.1",8168,8306,139,"*","chr2","WGS_040_E20_F02","NC_035159.1:8168-8306",1
"721","NC_035159.1",8181,8276,96,"*","chr1","WGS_132_E20_F10","NC_035159.1:8181-8276",1
"722","NC_035159.1",8183,8224,42,"*","chr3","WGS_063_E20_F02","NC_035159.1:8183-8224",1
"723","NC_035159.1",8184,8224,41,"*","chr1","WGS_038_E20_F07","NC_035159.1:8184-8224",1
"724","NC_035159.1",8209,8330,122,"*","chr1","WGS_300_E20_F05","NC_035159.1:8209-8330",1
"725","NC_035159.1",8220,8258,39,"*","chr2","WGS_230_E20_F06","NC_035159.1:8220-8258",1
"726","NC_035159.1",823,2546,1724,"*","chr2","WGS_249_E20_F02","NC_035159.1:823-2546",1
"727","NC_035159.1",8300,8322,23,"*","chr1","WGS_021_E20_F02","NC_035159.1:8300-8322",1
"728","NC_035159.1",8439,8816,378,"*","chr1","WGS_289_E20_F02","NC_035159.1:8439-8816",1
"729","NC_035159.1",8553,8788,236,"*","chr1","WGS_299_E20_F09","NC_035159.1:8553-8788",1
"730","NC_035159.1",8603,8764,162,"*","chr2","WGS_249_E20_F02","NC_035159.1:8603-8764",1
"731","NC_035159.1",8757,9442,686,"*","chr2","WGS_050_E20_F02","NC_035159.1:8757-9442",1
"732","NC_035159.1",8804,9256,453,"*","chr1","WGS_249_E20_F02","NC_035159.1:8804-9256",1
"733","NC_035159.1",8808,9104,297,"*","chr1","WGS_088_E20_F05","NC_035159.1:8808-9104",1
"734","NC_035159.1",8808,9856,1049,"*","chr1","WGS_050_E20_F03","NC_035159.1:8808-9856",1
"735","NC_035159.1",8819,9975,1157,"*","chr1","WGS_050_E20_F02","NC_035159.1:8819-9975",1
"736","NC_035159.1",8897,9390,494,"*","chr3","WGS_249_E20_F02","NC_035159.1:8897-9390",1
"737","NC_035159.1",8908,10196,1289,"*","chr2","WGS_060_E20_F06","NC_035159.1:8908-10196",1
"738","NC_035159.1",8981,9014,34,"*","chr1","WGS_050_E20_F02","NC_035159.1:8981-9014",1
"739","NC_035159.1",8984,9217,234,"*","chr3","WGS_047_E20_F02","NC_035159.1:8984-9217",1
"740","NC_035159.1",8988,9181,194,"*","chr3","WGS_025_E20_F02","NC_035159.1:8988-9181",1
"741","NC_035159.1",8990,9224,235,"*","chr3","WGS_211_E20_F02","NC_035159.1:8990-9224",1
"742","NC_035159.1",8994,9094,101,"*","chr3","WGS_230_E20_F06","NC_035159.1:8994-9094",1
"743","NC_035159.1",9,220,212,"*","chr3","WGS_246_E20_F05","NC_035159.1:9-220",1
"744","NC_035159.1",9001,9088,88,"*","chr3","WGS_134_E20_F02","NC_035159.1:9001-9088",1
"745","NC_035159.1",9005,9188,184,"*","chr3","WGS_299_E20_F09","NC_035159.1:9005-9188",1
"746","NC_035159.1",9019,9282,264,"*","chr3","WGS_289_E20_F02","NC_035159.1:9019-9282",1
"747","NC_035159.1",9022,9080,59,"*","chr3","WGS_132_E20_F10","NC_035159.1:9022-9080",1
"748","NC_035159.1",9040,9197,158,"*","chr2","WGS_088_E20_F05","NC_035159.1:9040-9197",1
"749","NC_035159.1",9040,9234,195,"*","chr2","WGS_253_E20_F01","NC_035159.1:9040-9234",1
"750","NC_035159.1",9058,9181,124,"*","chr3","WGS_060_E20_F06","NC_035159.1:9058-9181",1
"751","NC_035159.1",9069,9225,157,"*","chr3","WGS_230_E20_F06","NC_035159.1:9069-9225",1
"752","NC_035159.1",9071,9157,87,"*","chr3","WGS_262_E20_F07","NC_035159.1:9071-9157",1
"753","NC_035159.1",910,1376,467,"*","chr1","WGS_050_E20_F02","NC_035159.1:910-1376",1
"754","NC_035159.1",9164,9280,117,"*","chr2","WGS_134_E20_F02","NC_035159.1:9164-9280",1
"755","NC_035159.1",927,1303,377,"*","chr3","WGS_084_E20_F02","NC_035159.1:927-1303",1
"756","NC_035159.1",9272,9339,68,"*","chr2","WGS_050_E20_F02","NC_035159.1:9272-9339",1
"757","NC_035159.1",9274,12128,2855,"*","chr1","WGS_299_E20_F09","NC_035159.1:9274-12128",1
"758","NC_035159.1",9329,9419,91,"*","chr1","WGS_017_E20_F03","NC_035159.1:9329-9419",1
"759","NC_035159.1",9374,11878,2505,"*","chr2","WGS_249_E20_F02","NC_035159.1:9374-11878",1
"760","NC_035159.1",9398,9526,129,"*","chr1","WGS_289_E20_F02","NC_035159.1:9398-9526",1
"761","NC_035159.1",9469,9528,60,"*","chr1","WGS_289_E20_F02","NC_035159.1:9469-9528",1
"762","NC_035159.1",9489,11210,1722,"*","chr1","WGS_050_E20_F03","NC_035159.1:9489-11210",1
"763","NC_035159.1",9520,9778,259,"*","chr1","WGS_060_E20_F06","NC_035159.1:9520-9778",1
"764","NC_035159.1",9524,9948,425,"*","chr2","WGS_299_E20_F09","NC_035159.1:9524-9948",1
"765","NC_035159.1",9530,9556,27,"*","chr3","WGS_060_E20_F06","NC_035159.1:9530-9556",1
"766","NC_035159.1",9538,9560,23,"*","chr1","WGS_246_E20_F07","NC_035159.1:9538-9560",1
"767","NC_035159.1",9538,9628,91,"*","chr3","WGS_240_E20_F05","NC_035159.1:9538-9628",1
"768","NC_035159.1",9539,9614,76,"*","chr3","WGS_024_E20_F02","NC_035159.1:9539-9614",1
"769","NC_035159.1",9542,9725,184,"*","chr1","WGS_253_E20_F01","NC_035159.1:9542-9725",1
"770","NC_035159.1",9548,9653,106,"*","chr3","WGS_289_E20_F02","NC_035159.1:9548-9653",1
"771","NC_035159.1",9550,9690,141,"*","chr3","WGS_220_E20_F07","NC_035159.1:9550-9690",1
"772","NC_035159.1",9558,9639,82,"*","chr3","WGS_025_E20_F02","NC_035159.1:9558-9639",1
"773","NC_035159.1",9582,9638,57,"*","chr3","WGS_050_E20_F03","NC_035159.1:9582-9638",1
"774","NC_035159.1",9603,9702,100,"*","chr3","WGS_050_E20_F02","NC_035159.1:9603-9702",1
"775","NC_035159.1",9611,9979,369,"*","chr2","WGS_017_E20_F03","NC_035159.1:9611-9979",1
"776","NC_035159.1",9621,10162,542,"*","chr1","WGS_017_E20_F03","NC_035159.1:9621-10162",1
"777","NC_035159.1",9665,9870,206,"*","chr1","WGS_050_E20_F02","NC_035159.1:9665-9870",1
